Keyword,Question,MSV,JD Web Services Mentions,JD Web Services Rank,JD Web Services SOV,JD Web Services Sentiment,JD Web Services Links,Khalsa Website Designers Mentions,Khalsa Website Designers Rank,Khalsa Website Designers SOV,Khalsa Website Designers Sentiment,Khalsa Website Designers Links,Digiengland Mentions,Digiengland Rank,Digiengland SOV,Digiengland Sentiment,Digiengland Links
web design company punjab - 90,What are the top web design companies in Punjab that cater to small businesses?,0,0,10,2.2%,0,,0,10,2.2%,0,,0,10,2.2%,0,
web design company punjab - 90,How much does it typically cost to hire a web design company in Punjab?,0,0,10,2.2%,0,,0,10,2.2%,0,,0,10,2.2%,0,
web design company punjab - 90,Can a web design company in Punjab help with e-commerce websites?,0,0,10,2.2%,0,,0,10,2.2%,0,,0,10,2.2%,0,
web design company punjab - 90,What is the usual turnaround time for a website project with a Punjab web design company?,0,0,10,2.2%,0,,0,10,2.2%,0,,0,10,2.2%,0,
web design company punjab - 90,Keyword Performance,0,0,10.0,2.2%,0,,0,10.0,2.2%,0,,0,10.0,2.2%,0,
website designer in punjab - 90,What are the average prices for website design services in Punjab?,0,0,10,2.2%,0,,0,10,2.2%,0,,0,10,2.2%,0,
website designer in punjab - 90,Can I find freelance website designers in Punjab who can work remotely?,0,0,10,2.2%,0,,0,10,2.2%,0,,0,10,2.2%,0,
website designer in punjab - 90,Can a website designer in Punjab help with e-commerce integration?,0,0,10,2.2%,0,,0,10,2.2%,0,,0,10,2.2%,0,
website designer in punjab - 90,How do I compare different website design proposals from designers in Punjab?,0,0,10,2.2%,0,,0,10,2.2%,0,,0,10,2.2%,0,
website designer in punjab - 90,Keyword Performance,0,0,10.0,2.2%,0,,0,10.0,2.2%,0,,0,10.0,2.2%,0,
web designer in punjab - 1000,Are there any specific regulations for web design businesses in Punjab?,0,0,10,2.2%,0,,0,10,2.2%,0,,0,10,2.2%,0,
web designer in punjab - 1000,How do I find freelance web designers in Punjab?,0,0,10,2.2%,0,,0,10,2.2%,0,,0,10,2.2%,0,
web designer in punjab - 1000,Do web designers in Punjab offer e-commerce website development?,0,0,10,2.2%,0,,0,10,2.2%,0,,0,10,2.2%,0,
web designer in punjab - 1000,How can I get a custom quote from a web designer in Punjab?,0,0,10,2.2%,0,,0,10,2.2%,0,,0,10,2.2%,0,
web designer in punjab - 1000,Keyword Performance,0,0,10.0,2.2%,0,,0,10.0,2.2%,0,,0,10.0,2.2%,0,
